ORCID,Year,Title,PubMed Link,Abstract
0000-0003-0275-8037,2026,MAG-PSIR mismatch in a patient with multi-territory myocardial infarcts with and without acute ischemic edema,https://pubmed.ncbi.nlm.nih.gov/41524854/,"Cardiac MRI (cMRI) is crucial for characterizing acute myocardial infarction (MI) complications. We present a case where acute ischemic edema demonstrated a magnitude (MAG) and phase-sensitive inversion recovery (PSIR) mismatch. This highlights that the MAG-PSIR mismatch can arise from the very long T1 times of acute edema, a key finding confirmed by T1 and T2 mapping [1]."
0000-0003-0275-8037,2025,Pulmonary Embolism Survival Prediction Using Multimodal Learning Based on Computed Tomography Angiography and Clinical Data.,https://pubmed.ncbi.nlm.nih.gov/40200808/,"Multiomic DL models incorporating CTPA features, clinical data, and PESI achieved higher c-indices than PESI alone for PE survival prediction."
0000-0003-0275-8037,2025,Vision-language model for report generation and outcome prediction in CT pulmonary angiogram.,https://pubmed.ncbi.nlm.nih.gov/40652098/,"Accurate and comprehensive interpretation of pulmonary embolism (PE) from Computed Tomography Pulmonary Angiography (CTPA) scans remains a clinical challenge due to the limited specificity and structure of existing AI tools. We propose an agent-based framework that integrates Vision-Language Models (VLMs) for detecting 32 PE-related abnormalities and Large Language Models (LLMs) for structured report generation. Trained on over 69,000 CTPA studies from 24,890 patients across Brown University Health (BUH), Johns Hopkins University (JHU), and the INSPECT dataset from Stanford, the model demonstrates strong performance in abnormality classification and report generation. For abnormality classification, it achieved AUROC scores of 0.788 (BUH), 0.754 (INSPECT), and 0.710 (JHU), with corresponding BERT-F1 scores of 0.891, 0.829, and 0.842. The abnormality-guided reporting strategy consistently outperformed the organ-based and holistic captioning baselines. For survival prediction, a multimodal fusion model that incorporates imaging, clinical variables, diagnostic outputs, and generated reports achieved concordance indices of 0.863 (BUH) and 0.731 (JHU), outperforming traditional PESI scores. This framework provides a clinically meaningful and interpretable solution for end-to-end PE diagnosis, structured reporting, and outcome prediction."
0000-0003-0275-8037,2025,"The Utility of Cardiac Computed Tomographic Angiography in Differentiating Between Papillary Fibroelastoma, Infective Endocarditis, and Degeneration of the Aortic Valve",https://pubmed.ncbi.nlm.nih.gov/39761504/,"This study evaluated cardiac CTA for noninvasive characterization of aortic valvular disorders prior to resection. Reader accuracy ranged from 70% to 74%, improving to 76% with consensus interpretations. Small papillary fibroelastomas (≤7 mm) and overlapping imaging features, such as nodular lesions and leaflet thickening, were diagnostic challenges. Greater awareness of these CT characteristics is essential for accurate diagnosis and clinical management."
0000-0003-0275-8037,2025,Mitral annuloplasty ring migration.,https://pubmed.ncbi.nlm.nih.gov/40156691/,"Mitral annuloplasty ring dehiscence is a rare post-operative complication [1, 2]. Even more rarely, dehiscent annuloplasty rings can migrate leading to vascular complications like aortic rupture and pseudoaneurysm formation [3]. This case highlights rare but severe complications of annuloplasty ring dehiscence and migration, and challenges of managing these high-risk patients."
0000-0003-0275-8037,2025,Teaching the Technology: Evaluating a Video-Based PACS Curriculum for Radiology Residents.,https://pubmed.ncbi.nlm.nih.gov/40011094/,Abstract unavailable across all open databases.
0000-0003-0275-8037,2025,Generative Adversarial Networks With Radiomics Supervision for Lung Lesion Generation,https://pubmed.ncbi.nlm.nih.gov/39208053/,"Data-driven methods for lesion generation are quickly emerging due to the need for realistic imaging targets for image quality assessment and virtual clinical trials. We proposed a generative adversarial network (GAN) architecture for conditional generation of lung lesions based on user-specified classes of lesion size and solidity. The network consists of two discriminators, one for volumetric lesion data, and one for radiomics features derived from the lesion volume. A Wasserstein loss with gradient penalty was adopted for each discriminator. Training data were drawn from contoured and annotated lesions from a public lung CT database. Four quantitative evaluation methods were devised to assess the network performance: 1) overfitting (similarity between generated and real lesions), 2) diversity (similarity among generated lesions), 3) conditional consistency (capability of generating lesions according to user-specified classes), and 4) similarity in distributions of various lesion properties between the generated and real lesions. Ablation studies were also performed to investigate the importance of individual network component. The proposed network was found to generate lesions that resemble real lesions by visual inspection. Solid lesions are distinct from non-solid ones, and lesion sizes largely correspond to their specified classes. With a classifier trained on real lesions, the classification accuracies of generated and real lesions in both solid and non-solid classes are similar. Radiomics features of generated and real lesions were found to have similar distributions, indicated by the relatively low Kullback-Leibler (KL) divergence values. Furthermore, the correlations between pairwise radiomics features in generated lesions were comparable to those of real lesions. The proposed network presents a promising approach for generating realistic lesions with clinically relevant features crucial for the comprehensive assessment of medical imaging systems."
0000-0003-0275-8037,2024,Longitudinal anemia status and risk for adverse outcomes in former smokers with COPD.,https://pubmed.ncbi.nlm.nih.gov/39702327/,Abstract unavailable across all open databases.
0000-0003-0275-8037,2024,Resident Education in the Age of AI.,https://pubmed.ncbi.nlm.nih.gov/39631434/,"Artificial intelligence (AI) is a rapidly expanding field of interest to radiologists for its utility as an adjunct in detecting and reporting disease and its potential influence on the role of radiologists and their practices. As radiology educators, we are responsible for developing and providing access to curricular elements that will prepare residents to be good stewards of artificial intelligence resources while also acquiring fundamental knowledge and skills that are essential to daily practice. Residency programs should consider collaborative approaches as well as solicit support from national societies in the development and curation of their AI curricula."
0000-0003-0275-8037,2024,Care to Explain? AI Explanation Types Differentially Impact Chest Radiograph Diagnostic Performance and Physician Trust in AI,https://pubmed.ncbi.nlm.nih.gov/39560483/,"Background It is unclear whether artificial intelligence (AI) explanations help or hurt radiologists and other physicians in AI-assisted radiologic diagnostic decision-making. Purpose To test whether the type of AI explanation and the correctness and confidence level of AI advice impact physician diagnostic performance, perception of AI advice usefulness, and trust in AI advice for chest radiograph diagnosis. Materials and Methods A multicenter, prospective randomized study was conducted from April 2022 to September 2022. Two types of AI explanations prevalent in medical imaging-local (feature-based) explanations and global (prototype-based) explanations-were a between-participant factor, while AI correctness and confidence were within-participant factors. Radiologists (task experts) and internal or emergency medicine physicians (task nonexperts) received a chest radiograph to read; then, simulated AI advice was presented. Generalized linear mixed-effects models were used to analyze the effects of the experimental variables on diagnostic accuracy, efficiency, physician perception of AI usefulness, and ""simple trust"" (ie, speed of alignment with or divergence from AI advice); the control variables included knowledge of AI, demographic characteristics, and task expertise. Holm-Sidak corrections were used to adjust for multiple comparisons. Results Data from 220 physicians (median age, 30 years [IQR, 28-32.75 years]; 146 male participants) were analyzed. Compared with global AI explanations, local AI explanations yielded better physician diagnostic accuracy when the AI advice was correct (β = 0.86; P value adjusted for multiple comparisons [Padj] < .001) and increased diagnostic efficiency overall by reducing the time spent considering AI advice (β = -0.19; Padj = .01). While there were interaction effects of explanation type, AI confidence level, and physician task expertise on diagnostic accuracy (β = -1.05; Padj = .04), there was no evidence that AI explanation type or AI confidence level significantly affected subjective measures (physician diagnostic confidence and perception of AI usefulness). Finally, radiologists and nonradiologists placed greater simple trust in local AI explanations than in global explanations, regardless of the correctness of the AI advice (β = 1.32; Padj = .048). Conclusion The type of AI explanation impacted physician diagnostic performance and trust in AI, even when physicians themselves were not aware of such effects. © RSNA, 2024 Supplemental material is available for this article."
0000-0003-0275-8037,2024,Association of clinical and imaging characteristics with pulmonary function testing in patients with Long-COVID.,N/A,Abstract unavailable across all open databases.
0000-0003-0275-8037,2023,Utilizing Deep Learning and Computed Tomography to Determine Pulmonary Nodule Activity in Patients With Nontuberculous Mycobacterial-Lung Disease.,https://pubmed.ncbi.nlm.nih.gov/38640144/,"To develop and evaluate a deep convolutional neural network (DCNN) model for the classification of acute and chronic lung nodules from nontuberculous mycobacterial-lung disease (NTM-LD) on computed tomography (CT). We collected a data set of 650 nodules (316 acute and 334 chronic) from the CT scans of 110 patients with NTM-LD. The data set was divided into training, validation, and test sets in a ratio of 4:1:1. Bounding boxes were used to crop the 2D CT images down to the area of interest. A DCNN model was built using 11 convolutional layers and trained on these images. The performance of the model was evaluated on the hold-out test set and compared with that of 3 radiologists who independently reviewed the images. The DCNN model achieved an area under the receiver operating characteristic curve of 0.806 for differentiating acute and chronic NTM-LD nodules, corresponding to sensitivity, specificity, and accuracy of 76%, 68%, and 72%, respectively. The performance of the model was comparable to that of the 3 radiologists, who had area under the receiver operating characteristic curve, sensitivity, specificity, and accuracy of 0.693 to 0.771, 61% to 82%, 59% to 73%, and 60% to 73%, respectively. This study demonstrated the feasibility of using a DCNN model for the classification of the activity of NTM-LD nodules on chest CT. The model performance was comparable to that of radiologists. This approach can potentially and efficiently improve the diagnosis and management of NTM-LD."
0000-0003-0275-8037,2023,"A Multicenter, Single-Arm, Prospective Trial Assessing the Diagnostic Yield of Electromagnetic Bronchoscopic and Transthoracic Navigation for Peripheral Pulmonary Nodules.",https://pubmed.ncbi.nlm.nih.gov/37582154/,"Rationale: Strict adherence to procedural protocols and diagnostic definitions is critical to understand the efficacy of new technologies. Electromagnetic navigational bronchoscopy (ENB) for lung nodule biopsy has been used for decades without a solid understanding of its efficacy, but offers the opportunity for simultaneous tissue acquisition via electromagnetic navigational transthoracic biopsy (EMN-TTNA) and staging via endobronchial ultrasound (EBUS). Objective: To evaluate the diagnostic yield of EBUS, ENB, and EMN-TTNA during a single procedure using a strict a priori definition of diagnostic yield with central pathology adjudication. Methods: A prospective, single-arm trial was conducted at eight centers enrolling participants with pulmonary nodules (<3 cm; without computed tomography [CT]- and/or positron emission tomography-positive mediastinal lymph nodes) who underwent a staged procedure with same-day CT, EBUS, ENB, and EMN-TTNA. The procedure was staged such that, when a diagnosis had been achieved via rapid on-site pathologic evaluation, the procedure was ended and subsequent biopsy modalities were not attempted. A study finding was diagnostic if an independent pathology core laboratory confirmed malignancy or a definitive benign finding. The primary endpoint was the diagnostic yield of the combination of CT, EBUS, ENB, and EMN-TTNA. Measurements and Main Results: A total of 160 participants at 8 centers with a mean nodule size of 18 ± 6 mm were enrolled. The diagnostic yield of the combined procedure was 59% (94 of 160; 95% confidence interval [CI], 51-66%). Nodule regression was found on same-day CT in 2.5% of cases (4 of 160; 95% CI, 0.69-6.3%), and EBUS confirmed malignancy in 7.1% of cases (11 of 156; 95% CI, 3.6-12%). The yield of ENB alone was 49% (74 of 150; 95% CI, 41-58%), that of EMN-TTNA alone was 27% (8 of 30; 95% CI, 12-46%), and that of ENB plus EMN-TTNA was 53% (79 of 150; 95% CI, 44-61%). Complications included a pneumothorax rate of 10% and a 2% bleeding rate. When EMN-TTNA was performed, the pneumothorax rate was 30%. Conclusions: The diagnostic yield for ENB is 49%, which increases to 59% with the addition of same-day CT, EBUS, and EMN-TTNA, lower than in prior reports in the literature. The high complication rate and low diagnostic yield of EMN-TTNA does not support its routine use. Clinical trial registered with www.clinicaltrials.gov (NCT03338049)."
0000-0003-0275-8037,2023,Ablative radiation alone in stage I lung cancer produces an adaptive systemic immune response: insights from a prospective stud.,N/A,"Stereotactic ablative body radiation (SABR) delivers high rates of local control in early-stage non-small cell lung cancer (NSCLC); however, systemic immune effects are poorly understood. Here, we evaluate the early pathologic and immunologic effects of SABR. Blood/core-needle tumor biopsies were collected from six patients with stage I NSCLC before and 5-7 days after SABR (48 Gy/4 or 50 Gy/5 fractions). Serial blood was collected up to 1-year post-SABR. We used immunohistochemistry to evaluate pathological changes, immune-cell populations (CD8, FoxP3), and PD-L1/PD-1 expression within the tumor. We evaluated T-cell receptor (TCR) profile changes in the tumor using TCR sequencing. We used the MANAFEST (Mutation-Associated Neoantigen Functional Expansion of Specific T-cells) assay to detect peripheral neoantigen-specific T-cell responses and dynamics. At a median follow-up of 40 months, 83% of patients (n=5) were alive without tumor progression. Early post-SABR biopsies showed viable tumor and similar distribution of immune-cell populations as compared with baseline samples. Core-needle samples proved insufficient to detect population-level TCR-repertoire changes. Functionally, neoantigen-specific T-cells were detected in the blood prior to SABR. A subset of these patients had a transient increase in the frequency of neoantigen-specific T-cells between 1 week and 3-6 months after SABR. SABR alone could induce a delayed, transient neoantigen-specific T-cell immunologic response in patients with stage I NSCLC."
0000-0003-0275-8037,2023,Evaluating ChatGPT's Accuracy in Lung Cancer Prevention and Screening Recommendations,https://pubmed.ncbi.nlm.nih.gov/37693201/,Abstract unavailable across all open databases.
0000-0003-0275-8037,2023,"Use of ChatGPT, GPT-4, and Bard to Improve Readability of ChatGPT's Answers to Common Questions About Lung Cancer and Lung Cancer Screening.",https://pubmed.ncbi.nlm.nih.gov/37341179/,"ChatGPT’s responses to questions about lung cancer and LCS, although deemed clinically appropriate by cardiothoracic radiologists, were difficult to read. Simplified responses from three LLMs (ChatGPT, GPT-4, and Bard) had improved reading ease and readability (in terms of U.S. grade levels). However, some simplified responses were no longer clinically appropriate."
0000-0003-0275-8037,2023,Anatomic and Pathologic Causes of Recurrent Pulmonary Infections,https://pubmed.ncbi.nlm.nih.gov/37261962/,Abstract unavailable across all open databases.
0000-0003-0275-8037,2023,Indoor Air Pollution and Impaired Cardiac Autonomic Function in Chronic Obstructive Pulmonary Disease.,https://pubmed.ncbi.nlm.nih.gov/36288428/,"Rationale: Indoor air pollution represents a modifiable risk factor for respiratory morbidity in chronic obstructive pulmonary disease (COPD). The effects of indoor air pollution, as well as the impact of interventions to improve indoor air quality, on cardiovascular morbidity in COPD remain unknown. Objectives: To determine the association between indoor particulate matter (PM) and heart rate variability (HRV), a measure of cardiac autonomic function tied to cardiovascular morbidity and mortality, as well as the impact of household air purifiers on HRV. Methods: Former smokers with moderate-severe COPD were recruited from a 6-month randomized controlled trial of a portable air cleaner intervention to undergo paired assessment of both in-home PM and HRV using 24-hour Holter monitoring at up to five time points. Primary outcomes were HRV measures tied to cardiovascular morbidity (standard deviation of normal-to-normal intervals [SDNN] and root mean square of successive differences between normal-to-normal intervals [RMSSD]). Measurements and Results: Eighty-five participants contributed 317 HRV measurements. A twofold increase in household PM ⩽2.5 µm in aerodynamic diameter was associated with decreases in SDNN (β, -2.98% [95% confidence interval (CI), -5.12 to -0.78]) and RMSSD (β, -4.57% [95% CI, -10.1 to -1.60]). The greatest effects were observed with ultrafine particles (<100 nm) (RMSSD; β, -16.4% [95% CI, -22.3 to -10.1]) and among obese participants. Participants randomized to the active air cleaner saw improvements in RMSSD (β, 25.2% [95% CI, 2.99 to 52.1]), but not SDNN (β, 2.65% [95% CI, -10.8 to 18.1]), compared with the placebo group. Conclusions: This is the first U.S. study to describe the association between household PM and cardiac autonomic function among individuals with COPD, as well as the potential cardiovascular health benefits of household air cleaners."
0000-0003-0275-8037,2023,Anti-MDA5-positive dermatomyositis and remission in a single referral centre population.,https://pubmed.ncbi.nlm.nih.gov/36826791/,"In this single centre, tertiary referral population of anti-MDA5-positive dermatomyositis, ~20% of patients experienced long-term drug-free remission after a median disease duration of 4 years. No clinical or biologic factors were associated with clinical remission."
0000-0003-0275-8037,2023,Urine and Plasma Markers of Platelet Activation and Respiratory Symptoms in COPD.,https://pubmed.ncbi.nlm.nih.gov/36367951/,"Antiplatelet therapy has been associated with fewer exacerbations and reduced respiratory symptoms in chronic obstructive pulmonary disease (COPD). Whether platelet activation is associated with respiratory symptoms in COPD is unknown. Former smokers with spirometry-confirmed COPD had urine 11-dehydro-thromboxane B2 (11dTxB2), plasma soluble CD40L (sCD40L), and soluble P-selectin (sP-selectin) repeatedly measured during a 6- to 9-month study period. Multivariate mixed-effects models adjusted for demographics, clinical characteristics, and medication use evaluated the association of each biomarker with respiratory symptoms, health status, and quality of life. Among 169 participants (average age 66.5±8.2 years, 51.5% female, 47.5±31 pack years, forced expiratory volume in 1 second percent predicted 53.8±17.1), a 100% increase in 11dTxB2 was associated with worse respiratory symptoms reflected by higher scores on the COPD Assessment Test (β 0.77, 95% confidence interval [CI]: 0.11-1.4) and Ease of Cough and Sputum Clearance Questionnaire β 0.77, 95%CI: 0.38-1.2, worse health status (Clinical COPD Questionnaire β 0.13, 95%CI: 0.03-0.23) and worse quality of life (St George's Respiratory Questionnaire β 1.9, 95%CI: 0.39-3.4). No statistically significant associations were observed for sCD40L or sP-selectin. There was no consistent statistically significant effect modification of the relationship between urine 11dTxB2 and respiratory outcomes by history of cardiovascular disease, subclinical coronary artery disease, antiplatelet therapy, or COPD severity. In stable moderate-severe COPD, elevated urinary11dTxB2, a metabolite of the platelet activation product thromboxane A2, was associated with worse respiratory symptoms, health status, and quality of life."
0000-0003-0275-8037,2022,Two Cases of Subsequent Hepatocellular Carcinoma in Immune Checkpoint Inhibitor-Responsive NSCLC: A Case Report.,https://pubmed.ncbi.nlm.nih.gov/36718141/,"As novel therapeutic regimens continue to lead to increased survival of patients with lung cancer, it is imperative to remain mindful of the accompanying increase in the incidence of new primary malignancies. Although the most common secondary malignancies in patients with lung cancer have historically included colon, rectal, esophageal, and thyroid cancers, we report here two rare cases of new primary hepatocellular carcinomas in patients receiving immune checkpoint inhibitor therapy for NSCLC. In both cases, the diagnosis of hepatocellular carcinoma, rather than assuming a hepatic metastasis, was crucial for determining the appropriate approach for treatment. These cases thus underscore the importance of appropriate diagnostics to ensure that the proper therapeutics are chosen and present important considerations for the lung cancer community going forward."
0000-0003-0275-8037,2022,Rapidly progressive interstitial lung disease in patients with anti-melanoma differentiation-associated gene 5-positive dermatomyositis: serial changes on HRCT,https://pubmed.ncbi.nlm.nih.gov/35918568/,"Anti-melanoma differentiation-associated gene 5 (anti-MDA5) antibodies in patients with dermatomyositis are associated with rapidly progressive interstitial lung disease (RP-ILD). Computed tomography (CT) plays a central role in the diagnosis of RP-ILD and may help characterize the temporal changes. We report five anti-MDA5-positive dermatomyositis patients with serial CT scans spanning their acute RP-ILD disease course. Our case series highlights the variable imaging pattern that can manifest in this setting, including diffuse alveolar damage and nonspecific interstitial pneumonia patterns. Three patients in our series died within 4 months of their disease onset, whereas the other two patients survived. The serial CT changes in anti-MDA5 disease are dynamic and variable; therefore, it is imperative to maintain a broad differential when faced with these HRCT patterns to improve the diagnosis and management of this underrecognized entity."
0000-0003-0275-8037,2022,Correction to: COVID-19 mortality prediction in the intensive care unit with deep learning based on longitudinal chest X-rays and clinical data.,https://pubmed.ncbi.nlm.nih.gov/35320415/,Abstract unavailable across all open databases.
0000-0003-0275-8037,2022,Comparison of radiologist versus natural language processing-based image annotations for deep learning system for tuberculosis screening on chest radiographs.,https://pubmed.ncbi.nlm.nih.gov/35483162/,"Although natural language processing (NLP) can rapidly extract disease labels from radiology reports to create datasets for deep learning models, this may be less accurate than having radiologists manually review the images. In this study, we compared agreement between natural language processing (NLP) and radiologist-curated labels for possible tuberculosis (TB) on chest radiographs (CXR) and evaluated the performance of deep convolutional neural networks (DCNN) trained to identify TB using the preceding two sets of labels. We collected 10,951 CXRs from the NIH ChestX-ray14 dataset and labeled them as positive or negative for possible TB based on two methods: 1) NLP-derived disease labels and 2) radiologist-review of images. These images were used to train DCNNs on varying dataset sizes for possible TB and tested on an external dataset of 800 CXRs. Area under the ROC curve (AUC) was used to evaluate DCNNs. There was poor agreement between NLP and radiologist-curated labels for potential TB (Kappa coefficient 0.34). DCNNs trained using radiologist-curated labels had higher performance than the algorithm trained using the NLP-labels, regardless of the number of images used for training. The best-performing DCNN had an AUC of 0.88, which was trained on 10,951 images using the radiologist-annotated sets. DCNNs trained on CXRs labeled by a radiologist consistently outperformed those trained on the same CXRs labeled by NLP, highlighting the benefit of radiologists' determining groundtruth for machine learning dataset curation."
0000-0003-0275-8037,2022,Nebulized Bacteriophage in a Patient With Refractory <i>Mycobacterium abscessus</i> Lung Disease.,https://pubmed.ncbi.nlm.nih.gov/35794944/,"An elderly man with refractory Mycobacterium abscessus lung disease previously developed anti-phage neutralizing antibodies while receiving intravenous phage therapy. Subsequent phage nebulization resulted in transient weight gain, decreased C-reactive protein, and reduced Mycobacterium burden. Weak sputum neutralization may have limited the outcomes, but phage resistance was not a contributing factor."
0000-0003-0275-8037,2022,Presence and Implications of Anti-Angiotensin Converting Enzyme-2 Immunoglobulin M Antibodies in Anti-Melanoma-Differentiation-Associated 5 Dermatomyositis.,N/A,We describe anti-ACE2 IgM autoantibodies in two independent cohorts with anti-MDA5-positive DM. These autoantibodies may be biomarkers for severe disease and provide insight into disease pathogenesis.
0000-0003-0275-8037,2022,COVID-19 mortality prediction in the intensive care unit with deep learning based on longitudinal chest X-rays and clinical data.,https://pubmed.ncbi.nlm.nih.gov/35184218/,"We aimed to develop deep learning models using longitudinal chest X-rays (CXRs) and clinical data to predict in-hospital mortality of COVID-19 patients in the intensive care unit (ICU). Six hundred fifty-four patients (212 deceased, 442 alive, 5645 total CXRs) were identified across two institutions. Imaging and clinical data from one institution were used to train five longitudinal transformer-based networks applying five-fold cross-validation. The models were tested on data from the other institution, and pairwise comparisons were used to determine the best-performing models. A higher proportion of deceased patients had elevated white blood cell count, decreased absolute lymphocyte count, elevated creatine concentration, and incidence of cardiovascular and chronic kidney disease. A model based on pre-ICU CXRs achieved an AUC of 0.632 and an accuracy of 0.593, and a model based on ICU CXRs achieved an AUC of 0.697 and an accuracy of 0.657. A model based on all longitudinal CXRs (both pre-ICU and ICU) achieved an AUC of 0.702 and an accuracy of 0.694. A model based on clinical data alone achieved an AUC of 0.653 and an accuracy of 0.657. The addition of longitudinal imaging to clinical data in a combined model significantly improved performance, reaching an AUC of 0.727 (p = 0.039) and an accuracy of 0.732. The addition of longitudinal CXRs to clinical data significantly improves mortality prediction with deep learning for COVID-19 patients in the ICU. • Deep learning was used to predict mortality in COVID-19 ICU patients. • Serial radiographs and clinical data were used. • The models could inform clinical decision-making and resource allocation."
0000-0003-0275-8037,2022,Conference Attendance Tracking and Evaluation in the Era of Virtual Conferences.,https://pubmed.ncbi.nlm.nih.gov/35042665/,"Abstract Pancreatic cancer (PC) remains the fourth leading cause of cancer-related death in both men and women in the United States. Despite considerable research efforts, pancreatic cancer is associated with a dire prognosis and a 5-year survival rate of only 10%. Early symptoms of the disease are mostly nonspecific. The premise of improved survival through early detection is that more individuals will benefit from potentially curative treatment. Pancreatic ductal adenocarcinoma (PDAC) is on track to become the number 2 cancer killer in the United States within the next decade unless there is a major improvement in outcomes. Surgical resection remains the only reasonable hope for a cure from PDAC. The potential for early detection of asymptomatic pancreatic neoplasms in high-risk individuals using an endoscopic approach, but this approach is operator dependent and at the same time, these existing techniques are favored once patients reach the age of 75 years. Artificial intelligence (AI) methodology has emerged as a successful tool for risk stratification and identification in general health care. Machine learning refers to the study of algorithms that learn their behavior from data. To see why such algorithms are important, consider the following basic task, building a program to predict if an image contains a dog or a cat. Although it is exceedingly difficult for us to manually specify the exact rules to determine that a dog is a dog, it is comparatively straightforward to prepare a reference set of images and labels. This setting, where knowledge is more easily encoded in data rather than as a descriptive set of rules, is the focus of ML algorithms. One of the most promising areas of innovation in medical imaging in the past decade has been the application of deep learning. Deep learning has the potential to impact the entire medical imaging workflow from image acquisition, image registration, to interpretation. Traditional image processing is dominated by algorithms that are based on statistical models. These statistical model-based processing algorithms carry out inference based on a complete knowledge of the underlying statistical model relating the observations at hand and the desired information and do not require data to learn their mapping. In practice, accurate knowledge of the statistical model relating the observations and the desired information is typically unavailable. The past decade has witnessed a deep learning revolution. Deep learning methods have surpassed the state of the art for many problems in signal processing, imaging, and vision with unprecedented performance gains. Citation Format: Subash Kumar. The concept of artificial intelligence against pancreatic cancer [abstract]. In: Proceedings of the AACR Virtual Special Conference on Pancreatic Cancer; 2021 Sep 29-30. Philadelphia (PA): AACR; Cancer Res 2021;81(22 Suppl):Abstract nr PO-012."
0000-0003-0275-8037,2022,Deep learning prediction of sex on chest radiographs: a potential contributor to biased algorithms.,https://pubmed.ncbi.nlm.nih.gov/35006495/,"Deep convolutional neural networks (DCNNs) for diagnosis of disease on chest radiographs (CXR) have been shown to be biased against males or females if the datasets used to train them have unbalanced sex representation. Prior work has suggested that DCNNs can predict sex on CXR, which could aid forensic evaluations, but also be a source of bias. To (1) evaluate the performance of DCNNs for predicting sex across different datasets and architectures and (2) evaluate visual biomarkers used by DCNNs to predict sex on CXRs. Chest radiographs were obtained from the Stanford CheXPert and NIH Chest XRay14 datasets which comprised of 224,316 and 112,120 CXRs, respectively. To control for dataset size and class imbalance, random undersampling was used to reduce each dataset to 97,560 images that were balanced for sex. Each dataset was randomly split into training (70%), validation (10%), and test (20%) sets. Four DCNN architectures pre-trained on ImageNet were used for transfer learning. DCNNs were externally validated using a test set from the opposing dataset. Performance was evaluated using area under the receiver operating characteristic curve (AUC). Class activation mapping (CAM) was used to generate heatmaps visualizing the regions contributing to the DCNN's prediction. On the internal test set, DCNNs achieved AUROCs ranging from 0.98 to 0.99. On external validation, the models reached peak cross-dataset performance of 0.94 for the VGG19-Stanford model and 0.95 for the InceptionV3-NIH model. Heatmaps highlighted similar regions of attention between model architectures and datasets, localizing to the mediastinal and upper rib regions, as well as to the lower chest/diaphragmatic regions. DCNNs trained on two large CXR datasets accurately predicted sex on internal and external test data with similar heatmap localizations across DCNN architectures and datasets. These findings support the notion that DCNNs can leverage imaging biomarkers to predict sex and potentially confound the accurate prediction of disease on CXRs and contribute to biased models. On the other hand, these DCNNs can be beneficial to emergency radiologists for forensic evaluations and identifying patient sex for patients whose identities are unknown, such as in acute trauma."
0000-0003-0275-8037,2021,Deep Learning Algorithms for Interpretation of Upper Extremity Radiographs: Laterality and Technologist Initial Labels as Confounding Factors.,https://pubmed.ncbi.nlm.nih.gov/34755522/,"Convolutional neural networks (CNNs) trained to identify abnormalities on upper extremity radiographs achieved an AUC of 0.844 with a frequent emphasis on radiograph laterality and/or technologist labels for decision-making. Covering the labels increased the AUC to 0.857 (p = .02) and redirected CNN attention from the labels to the bones. Using images of radiograph labels alone, the AUC was 0.638, indicating that radiograph labels are associated with abnormal examinations. Potential radiographic confounding features should be considered when curating data for radiology CNN development."
0000-0003-0275-8037,2021,Improving lung cancer screening: An equitable strategy through a tobacco treatment clinic.,N/A,Abstract unavailable across all open databases.
0000-0003-0275-8037,2021,Potent antibody-mediated neutralization limits bacteriophage treatment of a pulmonary Mycobacterium abscessus infection,https://pubmed.ncbi.nlm.nih.gov/34239133/,"An 81-year-old immunocompetent patient with bronchiectasis and refractory Mycobacterium abscessus lung disease was treated for 6 months with a three-phage cocktail active against the strain. In this case study of phage to lower infectious burden, intravenous administration was safe and reduced the M. abscessus sputum load tenfold within one month. However, after two months, M. abscessus counts increased as the patient mounted a robust IgM- and IgG-mediated neutralizing antibody response to the phages, which was associated with limited therapeutic efficacy."
0000-0003-0275-8037,2021,Radiation Versus Immune Checkpoint Inhibitor Associated Pneumonitis: Distinct Radiologic Morphologies.,https://pubmed.ncbi.nlm.nih.gov/34251728/,"Patients with non-small cell lung cancer may develop pneumonitis after thoracic radiotherapy (RT) and immune checkpoint inhibitors (ICIs). We hypothesized that distinct morphologic features are associated with different pneumonitis etiologies. We systematically compared computed tomography (CT) features of RT- versus ICI-pneumonitis. Clinical and imaging features were tested for association with pneumonitis severity. Lastly, we constructed an exploratory radiomics-based machine learning (ML) model to discern pneumonitis etiology. Between 2009 and 2019, 82 patients developed pneumonitis: 29 after thoracic RT, 23 after ICI, and 30 after RT + ICI. Fifty patients had grade 2 pneumonitis, 22 grade 3, and 7 grade 4. ICI-pneumonitis was more likely bilateral (65% vs. 28%; p = .01) and involved more lobes (66% vs. 45% involving at least three lobes) and was less likely to have sharp border (17% vs. 59%; p = .004) compared with RT-pneumonitis. Pneumonitis morphology after RT + ICI was heterogeneous, with 47% bilateral, 37% involving at least three lobes, and 40% sharp borders. Among all patients, risk factors for severe pneumonitis included poor performance status, smoking history, worse lung function, and bilateral and multifocal involvement on CT. An ML model based on seven radiomic features alone could distinguish ICI- from RT-pneumonitis with an area under the receiver-operating curve of 0.76 and identified the predominant etiology after RT + ICI concordant with multidisciplinary consensus. RT- and ICI-pneumonitis exhibit distinct spatial features on CT. Bilateral and multifocal lung involvement is associated with severe pneumonitis. Integrating these morphologic features in the clinical management of patients who develop pneumonitis after RT and ICIs may improve treatment decision-making. Patients with non-small cell lung cancer often receive thoracic radiation and immune checkpoint inhibitors (ICIs), both of which can cause pneumonitis. This study identified similarities and differences in pneumonitis morphology on computed tomography (CT) scans among pneumonitis due to radiotherapy (RT) alone, ICI alone, and the combination of both. Patients who have bilateral CT changes involving at least three lobes are more likely to have ICI-pneumonitis, whereas those with unilateral CT changes with sharp borders are more likely to have radiation pneumonitis. After RT and/or ICI, severe pneumonitis is associated with bilateral and multifocal CT changes. These results can help guide clinicians in triaging patients who develop pneumonitis after radiation and during ICI treatment."
0000-0003-0275-8037,2021,Leadership Titles in Radiology: Usage of Non-Inclusive Terminology among Academic Radiology Departments and Societies.,https://pubmed.ncbi.nlm.nih.gov/34116925/,"Abstract Pair production in a constant electric field is closely analogous to bubble nucleation in a false vacuum. The classical trajectories of the pairs are Lorentz invariant, but this invariance should be broken by the nucleation process. Garriga et al. used a model detector, consisting of other particles interacting with the pairs, to investigate how pair production is seen by different Lorentzian observers. They found that particles (antiparticles) of the pair are predominantly observed moving in the direction of (opposite to) the electric field and concluded that observers see pairs nucleating preferentially in the detector's rest frame. Here, we apply this approach to the case where two detectors moving relative to one another are used to observe the particle and antiparticle of the same pair. We find that each detector will still observe nucleation to occur in its rest frame, regardless of the motion of the other detector. However, if the relative velocity of the two detectors is sufficiently high, the particle and antiparticle of the pair can be observed moving towards one another with arbitrarily large momenta, contrary to the usual expectation."
0000-0003-0275-8037,2021,"Radiology ""forensics"": determination of age and sex from chest radiographs using deep learning.",https://pubmed.ncbi.nlm.nih.gov/34089126/,"To develop and test the performance of deep convolutional neural networks (DCNNs) for automated classification of age and sex on chest radiographs (CXR). We obtained 112,120 frontal CXRs from the NIH ChestX-ray14 database performed in 48,780 females (44%) and 63,340 males (56%) ranging from 1 to 95 years old. The dataset was split into training (70%), validation (10%), and test (20%) datasets, and used to fine-tune ResNet-18 DCNNs pretrained on ImageNet for (1) determination of sex (using entire dataset and only pediatric CXRs); (2) determination of age < 18 years old or ≥ 18 years old (using entire dataset); and (3) determination of age < 11 years old or 11-18 years old (using only pediatric CXRs). External testing was performed on 662 CXRs from China. Area under the receiver operating characteristic curve (AUC) was used to evaluate DCNN test performance. DCNNs trained to determine sex on the entire dataset and pediatric CXRs only had AUCs of 1.0 and 0.91, respectively (p < 0.0001). DCNNs trained to determine age < or ≥ 18 years old and < 11 vs. 11-18 years old had AUCs of 0.99 and 0.96 (p < 0.0001), respectively. External testing showed AUC of 0.98 for sex (p = 0.01) and 0.91 for determining age < or ≥ 18 years old (p < 0.001). DCNNs can accurately predict sex from CXRs and distinguish between adult and pediatric patients in both American and Chinese populations. The ability to glean demographic information from CXRs may aid forensic investigations, as well as help identify novel anatomic landmarks for sex and age."
0000-0003-0275-8037,2021,Role of Chest CT in COVID-19.,https://pubmed.ncbi.nlm.nih.gov/34221639/,"In December 2019, a disease attributed to a new severe acute respiratory syndrome coronavirus 2, and named coronavirus disease 2019 (COVID-19), broke out in Wuhan, China and has spread rapidly throughout the world. CT has been advocated in selected indications as a tool toward rapid and early diagnosis. The CT patterns of COVID-19 include ground glass opacities GGO, consolidation, and crazy paving. Additional signs include a ""rounded morphology"" of lesions, vascular enlargement sign, nodules, and fibrous stripe. Signs of healing and organization include subpleural bands, a reticular pattern, reversed halo sign and traction bronchiectasis. Cavitation and tree in bud signs are absent and pleural effusions are rare. There is a high incidence of pulmonary embolism associated with COVID-19. CT findings in COVID-19 appear to follow a predictable timeline with maximal involvement approximately 6-11 days after symptom onset. The stages of evolution include early stage (days 0-4) with GGO being the predominant abnormality, progressive stage (days 5-8) with increasing crazy paving; and peak stage (days 9-13) with predominance of consolidation and absorption phase (after day 14) with gradual absorption of consolidation with residual GGO and subpleural bands. CT findings in COVID-19 have a high sensitivity and low specificity, determined to be 98% and 25% in a retrospective study of 1014 patients. The low specificity of CT for the diagnosis of COVID-19 pneumonia is due to the overlap of CT findings with other viral pneumonias and other infections, lung involvement in connective tissue disorders, drug reaction, pulmonary edema, and hemorrhage."
0000-0003-0275-8037,2021,Prediction of Coronary Artery Calcium and Cardiovascular Risk on Chest Radiographs Using Deep Learning,N/A,"DCNNs trained on chest radiographs had modest accuracy for predicting the presence of CAC correlating with cardiovascular risk.Keywords: Coronary Arteries, Cardiac, Calcifications/Calculi, Neural NetworksSee also the commentary by Gupta and Blankstein in this issue.©RSNA, 2021."
0000-0003-0275-8037,2021,"A North American Cohort of Anti-SAE Dermatomyositis: Clinical Phenotype, Testing, and Review of Cases.",https://pubmed.ncbi.nlm.nih.gov/33774928/,"Antibodies against the small ubiquitin-like modifier (SUMO) activating enzyme (SAE) are one of the rarer specificities associated with dermatomyositis (DM). The purpose of this study is to describe the clinical characteristics of patients with anti-SAE autoantibodies in a North American cohort and to ascertain cancer prevalence. We also describe the performance characteristics of the line blotting (Euroimmun) method for antibody detection compared with an immunoprecipitation-based assay. Sera from 2127 patients suspected of having myositis were assayed for myositis-specific autoantibodies using the Euroimmun platform. Those positive for SAE autoantibodies were assayed by a second method (immunoprecipitation) for confirmation. Only those cases positive by both methods were taken as definite cases of anti-SAE-positive DM. Chart reviews of these patients were completed to obtain information on clinical characteristics, cancer history, and treatment. Forty-three of 2127 sera were anti-SAE autoantibody positive by Euroimmun (≥15 units, +); of these, only 19 were confirmed positive by immunoprecipitation. All 19 cases had skin involvement and varying presentations of muscle, lung, and joint disease. Cancer occurred coincident with DM in two patients, and cancers were detected more than 5 years from symptom onset in three patients. In a population of suspected inflammatory myositis, a higher cutoff on line blot testing (≥36 units, ++) yielded better agreement with immunoprecipitation methods. SAE autoantibodies associate with a clinical phenotype of DM, which most commonly presents with a rash first, followed by muscle involvement and varying extramuscular involvement. As coincident cancer was seen in anti-SAE-positive DM, judicious malignancy screening may be warranted."
0000-0003-0275-8037,2021,Direct reconstruction of anatomical change in low-dose lung nodule surveillance.,https://pubmed.ncbi.nlm.nih.gov/33846692/,"Purpose: In sequential imaging studies, there exists rich information from past studies that can be used in prior-image-based reconstruction (PIBR) as a form of improved regularization to yield higher-quality images in subsequent studies. PIBR methods, such as reconstruction of difference (RoD), have demonstrated great improvements in the image quality of subsequent anatomy reconstruction even when CT data are acquired at very low-exposure settings. Approach: However, to effectively use information from past studies, two major elements are required: (1) registration, usually deformable, must be applied between the current and prior scans. Such registration is greatly complicated by potential ambiguity between patient motion and anatomical change-which is often the target of the followup study. (2) One must select regularization parameters for reliable and robust reconstruction of features. Results: We address these two major issues and apply a modified RoD framework to the clinical problem of lung nodule surveillance. Specifically, we develop a modified deformable registration approach that enforces a locally smooth/rigid registration around the change region and extend previous analytic expressions relating reconstructed contrast to the regularization parameter and other system dependencies for reliable representation of image features. We demonstrate the efficacy of this approach using a combination of realistic digital phantoms and clinical projection data. Performance is characterized as a function of the size of the locally smooth registration region of interest as well as x-ray exposure. Conclusions: This modified framework is effectively able to separate patient motion and anatomical change to directly highlight anatomical change in lung nodule surveillance."
0000-0003-0275-8037,2021,Generative Adversarial Networks and Radiomics Supervision for Lung Lesion Synthesis.,https://pubmed.ncbi.nlm.nih.gov/34658481/,"Realistic lesion generation is a useful tool for system evaluation and optimization. In this work, we investigate a data-driven approach for categorical lung lesion generation using public lung CT databases. We propose a generative adversarial network with a Wasserstein discrimination and gradient penalty to stabilize training. We further included conditional inputs such that the network can generate user-specified lesion categories. Novel to our network, we directly incorporated radiomic features in an intermediate supervision step to encourage similar textures between generated and real lesions. We evaluated the network using lung lesions from the Lung Image Database Consortium (LIDC) database. The lesions are divided into two categories: solid vs. non-solid. We performed quantitative evaluation of network performance base on four criteria: 1) overfitting in terms of structural and morphological similarity to the training data, 2) diversity of generated lesions in terms of similarity to other generated data, 3) similarity to real lesions in terms of distribution of example radiomics features, and 4) conditional consistency in terms of classification accuracy using a classifier trained on the training lesions. We imposed a quantitative threshold for similarity based on visual inspection. The percentage of non-solid and solid lesions that satisfy low overfitting and high diversity is 96.9% and 88.6% of non-solid and solid lesions respectively. The distribution of example radiomics features are similar in the generated and real lesions indicated by a low Kullback-Leibler divergence score. Classification accuracy for the generated lesions are comparable with that for the real lesions. The proposed network is a promising approach for data-driven generation of realistic lung lesions."
0000-0003-0275-8037,2021,Cinematic rendering enhancements to virtual bronchoscopy: assessment of emergent tracheal pathology,https://pubmed.ncbi.nlm.nih.gov/32617731/,"Utilizing complex lighting models, cinematic rendering is a novel technique for demonstrating computed tomography data with exquisite 3D anatomic detail. The tracheal lumen, tracheal wall, and adjacent soft tissue structures are represented with photorealistic detail exceeding that of conventional volume rendering or virtual bronchoscopy techniques. We applied cinematic rendering to a spectrum of emergent tracheal pathologies: traumatic tracheal tears, tracheoesophageal fistulas, tracheal foreign bodies, tracheal stenosis (intrinsic and extrinsic causes), tracheal neoplasms, and tracheomalacia. Cinematic rendering images enable visually accessible evaluation and comprehensive understanding of acute tracheal pathology, which is likely to be of value to both interventional pulmonologists and thoracic surgeons who are determining patient treatment plans."
0000-0003-0275-8037,2021,The RSNA Pulmonary Embolism CT Dataset.,N/A,Supplemental material is available for this article.
0000-0003-0275-8037,2021,"Steroid-refractory PD-(L)1 pneumonitis: incidence, clinical features, treatment, and outcomes",https://pubmed.ncbi.nlm.nih.gov/33414264/,"Immune-checkpoint inhibitor (ICI)-pneumonitis that does not improve or resolve with corticosteroids and requires additional immunosuppression is termed steroid-refractory ICI-pneumonitis. Herein, we report the clinical features, management and outcomes for patients treated with intravenous immunoglobulin (IVIG), infliximab, or the combination of IVIG and infliximab for steroid-refractory ICI-pneumonitis. Patients with steroid-refractory ICI-pneumonitis were identified between January 2011 and January 2020 at a tertiary academic center. ICI-pneumonitis was defined as clinical or radiographic lung inflammation without an alternative diagnosis, confirmed by a multidisciplinary team. Steroid-refractory ICI-pneumonitis was defined as lack of clinical improvement after high-dose corticosteroids for 48 hours, necessitating additional immunosuppression. Serial clinical, radiologic (CT imaging), and functional features (level-of-care, oxygen requirement) were collected preadditional and postadditional immunosuppression. Of 65 patients with ICI-pneumonitis, 18.5% (12/65) had steroid-refractory ICI-pneumonitis. Mean age at diagnosis of ICI-pneumonitis was 66.8 years (range: 35-85), 50% patients were male, and the majority had lung carcinoma (75%). Steroid-refractory ICI-pneumonitis occurred after a mean of 5 ICI doses from PD-(L)1 start (range: 3-12 doses). The most common radiologic pattern was diffuse alveolar damage (DAD: 50%, 6/12). After corticosteroid failure, patients were treated with: IVIG (n=7), infliximab (n=2), or combination IVIG and infliximab (n=3); 11/12 (91.7%) required ICU-level care and 8/12 (75%) died of steroid-refractory ICI-pneumonitis or infectious complications (IVIG alone=3/7, 42.9%; infliximab alone=2/2, 100%; IVIG + infliximab=3/3, 100%). All five patients treated with infliximab (5/5; 100%) died from steroid-refractory ICI-pneumonitis or infectious complications. Mechanical ventilation was required in 53% of patients treated with infliximab alone, 80% of those treated with IVIG + infliximab, and 25.5% of those treated with IVIG alone. Steroid-refractory ICI-pneumonitis constituted 18.5% of referrals for multidisciplinary irAE care. Steroid-refractory ICI-pnuemonitis occurred early in patients' treatment courses, and most commonly exhibited a DAD radiographic pattern. Patients treated with IVIG alone demonstrated an improvement in both level-of-care and oxygenation requirements and had fewer fatalities (43%) from steroid-refractory ICI-pneumonitis when compared to treatment with infliximab (100% mortality)."
0000-0003-0275-8037,2020,Refining dataset curation methods for deep learning-based automated tuberculosis screening.,https://pubmed.ncbi.nlm.nih.gov/33145084/,"Using semi-supervised learning, we trained a deep learning algorithm that detected TB at a high accuracy and demonstrated value as a CAD tool by identifying relevant CXR findings, especially in cases that were misinterpreted by radiologists. When dataset labels are noisy or absent, the described methods can significantly reduce the required amount of curated data to build clinically-relevant deep learning models, which will play an important role in the era of precision medicine."
0000-0003-0275-8037,2020,Can AI outperform a junior resident? Comparison of deep neural network to first-year radiology residents for identification of pneumothorax.,https://pubmed.ncbi.nlm.nih.gov/32643070/,"To (1) develop a deep learning system (DLS) using a deep convolutional neural network (DCNN) for identification of pneumothorax, (2) compare its performance to first-year radiology residents, and (3) evaluate the ability of a DLS to augment radiology residents by detecting missed pneumothoraces. This was a retrospective study performed in September 2018. We obtained 112,120 chest radiographs (CXRs) from the NIH ChestXray14 database, of which 4360 cases (4%) were labeled as pneumothorax by natural language processing. We utilized 111,518 CXRs to train and validate the ResNet-152 DCNN pretrained on ImageNet to identify pneumothorax. DCNN testing was performed on a hold-out set of 602 CXRs, whose groundtruth was determined by a cardiothoracic radiologist. Two first-year radiology residents evaluated the test CXRs for presence of pneumothorax. Receiver operating characteristic (ROC) curves were generated for each evaluator with area under the curve (AUC) compared using the DeLong parametric method. The DCNN achieved AUC of 0.841 for identification of pneumothorax at a rate of 1980 images/min. In contrast, both first-year residents achieved significantly higher AUCs of 0.942 and 0.905 (p 1000× as fast and identified 3 additional pneumothoraces missed by the residents. Our findings suggest that DLS could augment radiologists-in-training to identify potential urgent findings."
0000-0003-0275-8037,2020,Generalizability of Deep Learning Tuberculosis Classifier to COVID-19 Chest Radiographs: New Tricks for an Old Algorithm?,https://pubmed.ncbi.nlm.nih.gov/32427650/,"BRIEF INTRODUCTION Amidst the COVID-19 pandemic, chest radiographs (CXR) have been proposed as a potentially useful tool for triage and disease progression monitoring. Although CXR is less sensitive than computed tomography (CT), a classic pattern for COVID-19 pneumonia on CXR would preclude the need for further imaging with CT. Deep learning (DL) approaches for COVID-19 detection on CXR have been proposed1,2; however, these studies have been limited by small numbers of images available for model training. Although the lack of large COVID-19 image data sets is a barrier to DL development, the nonspecific findings of COVID-19 raise the possibility of repurposing CXRs with overlapping radiographic findings as training data. We previously used a similar approach to develop a DL algorithm to detect pulmonary tuberculosis (TB)3; this algorithm was trained using CXRs that did not have diagnoses of TB, but did have similar radiographic findings, in particular consolidation. On the basis of the observation that the CXR findings of COVID-19 and TB overlap considerably,4 we hypothesized that this model would generalize well to COVID-19 CXRs. METHODS We collected 88 frontal CXRs with confirmed COVID-19 diagnoses from 3 radiology repositories (Radiopaedia [https://radiopaedia.org]; RSNA [https://www.rsna.org/covid-19]; and SIRM [https://www.sirm.org/category/senza-categoria/covid-19/]). Images were confirmed by a PGY-5 resident and fellowship-trained cardiothoracic attending for visible parenchymal abnormality because not all COVID-19 cases will have visible CXR changes. Each image was inputted into our prior TB detection DL model trained on >110,000 CXRs labeled in a semisupervised manner by a DL model developed using 11,000 images annotated for possible TB by a cardiothoracic radiologist,3 and which had an area under the receiver operating characteristic curve of 0.87 to 0.91 on external data sets from China and the United States. A “positive” prediction was made if the probability for abnormal CXR was >0.5. Class activation maps (CAM) were outputted to visually indicate areas most suspicious for disease. RESULTS Our algorithm correctly classified 78 of 88 COVID-19 CXRs as “positive” (89%). For correctly identified images, CAMs demonstrated appropriate disease localization for both focal parenchymal opacities (Fig. 1A) and multifocal disease (Fig. 1B). The 10 false-negative images all had isolated subtle areas of parenchymal disease (Figs. 1C, D).FIGURE 1: CAM heatmaps for COVID-19-positive CXRs. A, CXR (left panel) showing right basilar airspace opacities with corresponding, appropriately localized CAM heatmap (right panel). (Case courtesy of Dr Edgar Lorente, Radiopaedia.org, rID: 75189 under Creative Commons License.) B, CXR (left panel) showing patchy airspace opacities bilaterally with corresponding, appropriately localized CAM heatmap (right panel). (Case courtesy of Henri Vandermeulen, Radiopaedia.org, rID: 75417 under Creative Commons License.) C, Example of a false-negative prediction by our model. CXR shows faint left lower lobe opacities. (Case courtesy of Drs Maria Sole Prevedoni Gorone, and Francesco Ballati. Reprinted with permission from Italian Society of Medical Radiology and Interventional Radiology.5) D, Example of a false-negative prediction by our model. CXR shows hazy left basilar opacities. (Case courtesy of Drs Maria Sole Prevedoni Gorone and Francesco Ballati. Reprinted with permission from Italian Society of Medical Radiology and Interventional Radiology5).COMMENT COVID-19 is a novel infection; however, its CXR findings overlap with other pneumonias, with findings ranging from “ground-glass opacities” to consolidations.4 We hypothesized that a DL model trained to identify a different disease with similar findings could also identify COVID-19-associated pneumonia/acute lung injury. One caveat is that findings rarely seen in COVID-19, but common in TB (eg, lymphadenopathy), would be interpreted as positive by our algorithm. Although variable generalization of CXR DL pneumonia models has been reported,6 we found good generalization of our TB model toward COVID-19, despite it never having “seen” the disease. Our findings are consistent with those of Hurt et al,7 who recently reported generalizability of a generic pneumonia segmentation DL model to 10 COVID-19-positive CXRs from the literature. Altogether, these findings suggest utility of prior CXR DL models for COVID-19 diagnosis. Our DL model’s CAMs appropriately localized abnormalities for both focal and multifocal disease. In addition to confirming appropriate abnormality identification, these heatmaps could provide a visual aid for nonradiologists and radiologists in training. Diagnostic tools to aid nonexpert radiologists may become particularly relevant as the pandemic overwhelms hospitals in both the developed world, where health care staffing is decreasing by mandates for social distancing and quarantining of workers who contract COVID-19, and the developing world, where few dedicated radiologists work at a baseline. In addition, if used as a triage tool, a DL model could help hasten isolation of patients with potential COVID-19 on CXR from others in waiting areas in the emergency department. We note limitations to our findings. First, our input images consisted of only confirmed COVID-19 cases, while the performance metrics on negative cases (false-positive and true-negative rates) were tested using non-TB CXRs in our previous report.3 In addition, our model’s accuracy would likely change in a real-world setting, with accuracy expected to correlate with pretest probability (and therefore, could decrease). However, our goal was not to describe real-world performance, but rather to demonstrate the ability of a DL model that had never “seen” a case of COVID-19 to identify these cases. Second, our model lacks specificity, as it is essentially a pulmonary opacity identifier. Although it can identify COVID-positive CXRs, it would not be able to distinguish it from other diseases that cause airspace opacities, such as alveolar pulmonary edema, a task that a well-trained radiologist likely would be able to perform. Thus, a “positive” result could be helpful as a rule-in test to suggest a CT, as other pathologies that mimic COVID-19 may also require CT as part of their clinical workup. A recent meta-analysis showed that even CT has a low specificity of 37% for COVID-19, ultimately highlighting the need for radiologic patterns to be interpreted in the clinical context.8 Therefore, we submit these results as a proof-of-concept for a potential CXR screening method in clinical settings with high clinical suspicion for COVID-19, as well as a potential solution to the lack of COVID-19 imaging data for DL model development, with one study using only 68 positive CXRs.2 DL models could facilitate high-throughput CXR triage in overwhelmed emergency departments, point-of-care interpretation for nonradiologists on the frontline, and potential workload reduction for radiologists. On the basis of this proof-of-concept, we propose that algorithms trained to identify other pneumonias can be repurposed for COVID-19. Alternatively, preexisting CXR data sets with findings of COVID-19 can be used to overcome the obstacle of small data sets of COVID-19-positive CXRs for de novo DL model training."
0000-0003-0275-8037,2020,Chronic immune checkpoint inhibitor pneumonitis.,https://pubmed.ncbi.nlm.nih.gov/32554618/,"Pneumonitis from immune checkpoint inhibitors (ICI) is a potentially fatal immune-related adverse event (irAE) from antiprogrammed death 1/programmed death ligand 1 immunotherapy. Most cases of ICI pneumonitis improve or resolve with 4-6 weeks of corticosteroid therapy. Herein, we report the incidence, clinicopathological features and management of patients with non-small cell lung cancer (NSCLC) and melanoma who developed chronic ICI pneumonitis that warrants ≥12 weeks of immunosuppression. Patients with ICI pneumonitis were identified from institutional databases of ICI-treated patients with advanced melanoma and NSCLC between January 2011 and July 2018. ICI pneumonitis was defined as clinical/radiographic evidence of lung inflammation without alternative diagnoses, adjudicated by a multidisciplinary team. Chronic ICI pneumonitis was defined as pneumonitis that persists or worsens with steroid tapering, and necessitates ≥12 weeks of immunosuppression, after ICI discontinuation. Serial chest CT was used to assess radiological features, and tumor response by Response EvaluationCriteria for Solid Tumors V.1.1. Bronchoalveolar lavage fluid (BALF) samples were assessed by cell differential. Lung biopsy samples were evaluated by H&E staining and multiplex immunofluorescence (mIF), where available. Among 299 patients, 44 developed ICI pneumonitis (NSCLC: 5/205; melanoma: 1/94), and of these, 6 experienced chronic ICI pneumonitis. The overall incidence of chronic ICI pneumonitis was thus 2%. Of those who developed chronic ICI pneumonitis: the majority had NSCLC (5/6), all sustained disease control from ICIs, and none had other concurrent irAEs. Timing of chronic ICI pneumonitis development was variable (range: 0-50 months), and occurred at a median of 12 months post ICI start. Recrudescence of ICI pneumonitis occurred at a median of 6 weeks after initial steroid start (range: 3-12 weeks), with all patients requiring steroid reintroduction when tapered to ≤10 mg prednisone/equivalent. The median total duration of steroids was 37 weeks (range: 16-43+weeks). Re-emergence of radiographic ICI pneumonitis occurred in the same locations on chest CT, in most cases (5/6). All patients who developed chronic ICI pneumonitis had BALF lymphocytosis on cell differential and organising pneumonia on lung biopsy at initial ICI pneumonitis presentation, with persistent BALF lymphocytosis and brisk CD8+ infiltration on mIF at pneumonitis re-emergence during steroid taper. A subset of patients who develop pneumonitis from ICIs will develop chronic ICI pneumonitis, that warrants long-term immunosuppression of ≥12 weeks, and has distinct clinicopathological features."
0000-0003-0275-8037,2020,Fibrotic Lung Disease at CT Predicts Adverse Outcomes in Patients Undergoing Transcatheter Aortic Valve Replacement,https://pubmed.ncbi.nlm.nih.gov/33778552/,"The presence of fibrosis on baseline CT scans was an independent predictor of adverse events after TAVR. In particular, fibrosis had improved predictive value in both patients without known CLD and patients without airway obstruction.Supplemental material is available for this article.© RSNA, 2020."
0000-0003-0275-8037,2020,Longitudinal assessment of interstitial lung disease in single lung transplant recipients with scleroderma.,N/A,"While the course of ILD in the native and transplanted lungs varied in this series, these cases illustrate that disease progression is common in the native lung, suggesting that either the immune process continues to target autoantigens or ongoing fibrotic pathways are active in the native lung. Mild lung disease may occur in the allograft after several years due to either allograft rejection or recurrent mild ILD."
0000-0003-0275-8037,2020,Sporadic Abdominal Malady in a Female Mandating a Diagnosis,https://pubmed.ncbi.nlm.nih.gov/31525339/,Abstract unavailable across all open databases.
0000-0003-0275-8037,2020,Secondhand smoke from electronic cigarette resulting in hypersensitivity pneumonitis.,https://pubmed.ncbi.nlm.nih.gov/32205381/,"Cases of vaping-induced lung injury have increased in the USA, resulting in a heterogeneous collection of pneumonitis patterns in persons who used electronic cigarettes. Hypersensitivity pneumonitis has been documented in several cases of first-hand electronic cigarette use; however, secondhand smoke health-related consequences have not been fully understood. We present a case of the patient who developed hypersensitivity pneumonitis secondary to exposure to secondhand smoke from electronic cigarette. We summarise the presentation and diagnostic investigation, as well as the management of this case."
0000-0003-0275-8037,2019,Deep Learning Method for Automated Classification of Anteroposterior and Posteroanterior Chest Radiographs.,https://pubmed.ncbi.nlm.nih.gov/30972585/,Abstract unavailable across all open databases.
0000-0003-0275-8037,2019,High-pitch non-gated scans on the second and third generation dual-source CT scanners: comparison of coronary image quality.,https://pubmed.ncbi.nlm.nih.gov/31760276/,"To examine differences in image quality of the coronary arteries when performing high-pitch non-electrocardiography (ECG)-gated scans on the second-generation (2G) and third-generation (3G) dual-source CT scanners. We retrospectively examined patients with high-pitch non-ECG-gated CT angiography (CTA) of the chest or chest/abdomen/pelvis. Outpatient scans from 59 patients in the 3G high-pitch group and 53 patients in the 2G high-pitch group were included. Two blinded cardiac imagers independently scored the coronary image quality using a 4-point Likert scale (from completely diagnostic to completely non-diagnostic) and evaluated the presence of coronary artery disease. Diagnostic image quality of the coronaries in high-pitch CTA exams using 3G scanner was improved compared to 2G scanner, both on a per-vessel basis (45-94% versus 23-86%) and on a per-study basis (34% versus 14%). The 3G group showed a statistically significant improvement in image quality when evaluating the left main coronary, right coronary, and overall coronary arteries. Coronary artery disease was detected in 65% of high-pitch scans. Radiation doses in terms of CTDIvol and DLP were lower for 3G high-pitch scans (7.5 mGy and 491 mGy∗cm) compared to 2G high-pitch scans (14.8 mGy and 911 mGy∗cm). We found a higher proportion of diagnostic image quality of the coronary arteries in high-pitch non-ECG-gated CTA exams using a 3G dual-source CT scanner, compared to 2G. In scans with diagnostic image quality, underlying coronary artery disease may be confidently diagnosed and should prompt considerations for further management in the appropriate clinical setting."
0000-0003-0275-8037,2019,Prediction of lung cancer risk at follow-up screening with low-dose CT: a training and validation study of a deep learning method.,https://pubmed.ncbi.nlm.nih.gov/32864596/,ML tool that recognizes patterns in both temporal and spatial changes as well as synergy among changes in nodule and non-nodule features may be used to accurately guide clinical management after the next scheduled repeat screening CT.
0000-0003-0275-8037,2019,Black-blood cinematic rendering: A new method for cardiac CT intraluminal visualization.,N/A,Abstract unavailable across all open databases.
0000-0003-0275-8037,2019,The alveolar immune cell landscape is dysregulated in checkpoint inhibitor pneumonitis.,https://pubmed.ncbi.nlm.nih.gov/31310589/,"Checkpoint inhibitor pneumonitis (CIP) is a highly morbid complication of immune checkpoint immunotherapy (ICI), one which precludes the continuation of ICI. Yet, the mechanistic underpinnings of CIP are unknown. To better understand the mechanism of lung injury in CIP, we prospectively collected bronchoalveolar lavage (BAL) samples in ICI-treated patients with (n=12) and without CIP (n=6), prior to initiation of first-line therapy for CIP (high dose corticosteroids. We analyzed BAL immune cell populations using a combination of traditional multicolor flow cytometry gating, unsupervised clustering analysis and BAL supernatant cytokine measurements. We found increased BAL lymphocytosis, predominantly CD4+ T cells, in CIP. Specifically, we observed increased numbers of BAL central memory T-cells (Tcm), evidence of Type I polarization, and decreased expression of CTLA-4 and PD-1 in BAL Tregs, suggesting both activation of pro-inflammatory subsets and an attenuated suppressive phenotype. CIP BAL myeloid immune populations displayed enhanced expression of IL-1β and decreased expression of counter-regulatory IL-1RA. We observed increased levels of T cell chemoattractants in the BAL supernatant, consistent with our pro-inflammatory, lymphocytic cellular landscape. We observe several immune cell subpopulations that are dysregulated in CIP, which may represent possible targets that could lead to therapeutics for this morbid immune related adverse event."
0000-0003-0275-8037,2019,Long-term treatment with human immunoglobulin for antisynthetase syndrome-associated interstitial lung disease.,https://pubmed.ncbi.nlm.nih.gov/31176796/,Abstract unavailable across all open databases.
0000-0003-0275-8037,2019,Relationship Between Prior Radiotherapy and Checkpoint-Inhibitor Pneumonitis in Patients With Advanced Non-Small-Cell Lung Cancer.,https://pubmed.ncbi.nlm.nih.gov/31031204/,"To investigate the relationship between radiotherapy (RT), in particular chest RT, and development of immune-related (IR) pneumonitis in non-small-cell lung cancer (NSCLC) patients treated with anti-programmed cell death 1 (PD-1)/programmed death ligand 1 (PD-L1). Between June 2011 and July 2017, NSCLC patients treated with anti-PD-1/PD-L1 at a tertiary-care academic cancer center were identified. Patient, treatment, prior RT (intent, technique, timing, courses), and IR pneumonitis details were collected. Treating investigators diagnosed IR pneumonitis clinically. Diagnostic IR pneumonitis scans were overlaid with available chest RT plans to describe IR pneumonitis in relation to prior chest RT. We evaluated associations between patient, treatment, RT details, and development of IR pneumonitis by Fisher exact and Wilcoxon rank-sum tests. Of the 188 NSCLC patients we identified, median follow-up was 6.78 (range, 0.30-79.3) months and median age 66 (range, 39-91) years; 54% (n = 102) were male; and 42% (n = 79) had stage I-III NSCLC at initial diagnosis. Patients received anti-PD-1/PD-L1 monotherapy (n = 127, 68%) or PD-1/PD-L1-based combinations (n = 61, 32%). In the entire cohort, 70% (132/188) received any RT, 53% (100/188) chest RT, and 37% (70/188) curative-intent chest RT. Any grade IR pneumonitis occurred in 19% (36/188; 95% confidence interval, 13.8-25.6). Of those who developed IR pneumonitis and received chest RT (n = 19), patients were more likely to have received curative-intent versus palliative-intent chest RT (17/19, 89%, vs. 2/19, 11%; P = .051). Predominant IR pneumonitis appearances were ground-glass opacities outside high-dose chest RT regions. No RT parameter was significantly associated with IR pneumonitis. On subset analysis of patients who developed IR pneumonitis and who had received prior chest RT, IR pneumonitis was more common in patients who received curative-intent chest RT. Attention should be paid to NSCLC patients receiving curative-intent RT followed by anti-PD-1/PD-L1 agents."
0000-0003-0275-8037,2019,Comparing Frailty Markers in Predicting Poor Outcomes after Transcatheter Aortic Valve Replacement.,https://pubmed.ncbi.nlm.nih.gov/30848712/,Novel cutoffs for sarcopenia of the psoas muscles were determined and associated with decreased survival after TAVR. Sarcopenia and albumin levels may be better tools for risk prediction than mFI in TAVR.
0000-0003-0275-8037,2019,Prospective Multicentered Safety and Feasibility Pilot for Endobronchial Intratumoral Chemotherapy.,N/A,Abstract unavailable across all open databases.
0000-0003-0275-8037,2018,Immune Checkpoint Immunotherapy for Non-Small Cell Lung Cancer,https://pubmed.ncbi.nlm.nih.gov/30189190/,"Immune checkpoint inhibitors (ICIs) are newer, immunotherapy-based drugs that have been shown to improve survival in advanced non-small cell lung cancer (NSCLC). Unlike traditional chemotherapeutic agents, ICIs work by boosting the body's natural tumor killing response. However, this unique mechanism of action has also led to the recognition of class-specific side effects. Labeled immune-related adverse events, these toxicities can affect multiple organ systems including the lungs. Immune-mediated lung injury because of ICI use, termed checkpoint inhibitor pneumonitis (CIP), occurs in about 3% to 5% of patients receiving ICIs; however, the real-world incidence of this entity may be higher, especially now that ICIs are being used in nonclinical trial settings. In this review, we briefly introduce the biology of ICIs and the indications for ICI use in NSCLC and then discuss the epidemiology and clinical and radiologic manifestations of CIP. Next, we discuss management strategies for CIP, including the current consensus on management of steroid-refractory CIP. Given the nascent nature of this field, we highlight areas of uncertainty and emerging research questions in the burgeoning field of checkpoint inhibitor pulmonary toxicity."
0000-0003-0275-8037,2018,Sarcopenia of the Psoas Muscles Is Associated With Poor Outcomes Following Lung Transplantation.,https://pubmed.ncbi.nlm.nih.gov/30447192/,Abstract unavailable across all open databases.
0000-0003-0275-8037,2018,Clinical Benefit to an Aurora A Kinase Inhibitor in a Patient with Metastatic Integrase Interactor 1-Deficient Carcinoma.,https://pubmed.ncbi.nlm.nih.gov/30297384/,Integrase interactor 1 (INI-1)-deficient carcinoma is a rare cancer characterized by the loss of the SWItch/Sucrose Non-Fermentable-related matrix-associated actin-dependent regulator of chromatin subfamily B member 1 gene (
0000-0003-0275-8037,2018,Pneumonitis in Non-Small Cell Lung Cancer Patients Receiving Immune Checkpoint Immunotherapy: Incidence and Risk Factors.,https://pubmed.ncbi.nlm.nih.gov/30267842/,Abstract unavailable across all open databases.
0000-0003-0275-8037,2018,CT findings of fungal pneumonia with emphasis on aspergillosis.,https://pubmed.ncbi.nlm.nih.gov/29956050/,"Fungal pneumonias are increasingly common in the population of immunosuppressed patients. The diagnosis of fungal pneumonias represents a challenge for clinicians, and the morbidity and mortality of these infections are high in immunocompromised patients. CT findings may be nonspecific; however, in the appropriate clinical setting, they may suggest and even help establish the specific diagnosis. This article provides an overview about the CT findings and possible differential diagnosis of the most common pulmonary fungal infections."
0000-0003-0275-8037,2018,Prospective Image Quality Analysis and Control for Prior-Image-Based Reconstruction of Low-Dose CT.,https://pubmed.ncbi.nlm.nih.gov/29622855/,"While PIBR methods have demonstrated a substantial ability for dose reduction, image properties associated with those images have been difficult to express and quantify using traditional metrics. The novel framework presented in this work not only quantifies this bias in an intuitive fashion, but it gives a way to predict and control the bias. Reliable and predictable reconstruction methods are a requirement for clinical imaging systems and the proposed framework is an important step translating PIBR methods to clinical application."
0000-0003-0275-8037,2018,Pulmonary venous anomalies causing misdiagnosis of pulmonary arteriovenous malformations,N/A,Abstract unavailable across all open databases.
0000-0003-0275-8037,2017,Evaluation of Coronary Artery Disease and Coronary Anomalies with a Handheld Smartphone,https://pubmed.ncbi.nlm.nih.gov/28560509/,"The purpose of this study was to determine the diagnostic accuracy of an iPhone for evaluation of the coronary arteries on coronary CT angiography (CTA) in comparison to a standard clinical workstation. Fifty coronary CTA exams were selected to include a range of normal and abnormal cases including both coronary artery disease (CAD) of varying severity and coronary artery anomalies. Two cardiac radiologists reviewed each exam on a standard clinical workstation initially and then on an iPhone 6 after a washout period. Coronary stenosis was evaluated on a 4-point scale and presence of coronary anomalies was recorded. Two additional cardiac radiologists reviewed all cases in consensus on the standard workstation and these results were used as the reference standard. When reader results were compared to the reference standard, there was no significant difference in agreement for per-vessel stenosis scores using either the iPhone or standard clinical workstation. The intraobserver intertechnology agreement on a per-vessel basis for obstructive CAD were 97.4% (299/307, kappa = 0.777) and 97.5% (317/325, kappa = 0.804) for the two readers. All cases of coronary anomalies were identified by both readers regardless of the device used. Coronary CTA examinations can be interpreted on a smartphone with diagnostic accuracy comparable to a standard workstation. 3D visualization app on the iPhone may facilitate urgent coronary CTA review when a workstation is not available."
0000-0003-0275-8037,2017,Added Value of Computer-aided CT Image Features for Early Lung Cancer Diagnosis with Small Pulmonary Nodules: A Matched Case-Control Study.,https://pubmed.ncbi.nlm.nih.gov/28872442/,"Purpose To test whether computer-aided diagnosis (CAD) approaches can increase the positive predictive value (PPV) and reduce the false-positive rate in lung cancer screening for small nodules compared with human reading by thoracic radiologists. Materials and Methods A matched case-control sample of low-dose computed tomography (CT) studies in 186 participants with 4-20-mm noncalcified lung nodules who underwent biopsy in the National Lung Screening Trial (NLST) was selected. Variables used for matching were age, sex, smoking status, chronic obstructive pulmonary disease status, body mass index, study year of the positive screening test, and screening results. Studies before lung biopsy were randomly split into a training set (70 cancers plus 70 benign controls) and a validation set (20 cancers plus 26 benign controls). Image features from within and outside dominant nodules were extracted. A CAD algorithm developed from the training set and a random forest classifier were applied to the validation set to predict biopsy outcomes. Receiver operating characteristic analysis was used to compare the prediction accuracy of CAD with the NLST investigator's diagnosis and readings from three experienced and board-certified thoracic radiologists who used contemporary clinical practice guidelines. Results In the validation cohort, the area under the receiver operating characteristic curve for CAD was 0.9154. By default, the sensitivity, specificity, and PPV of the NLST investigators were 1.00, 0.00, and 0.43, respectively. The sensitivity, specificity, PPV, and negative predictive value of CAD and the three radiologists' combined reading were 0.95, 0.88, 0.86, and 0.96 and 0.70, 0.69, 0.64, and 0.75, respectively. Conclusion CAD could increase PPV and reduce the false-positive rate in the early diagnosis of lung cancer. © RSNA, 2017 Online supplemental material is available for this article."
0000-0003-0275-8037,2017,Pulmonary CTA in sickle cell patients: quantitative assessment of enhancement quality.,N/A,Abstract unavailable across all open databases.
0000-0003-0275-8037,2016,HIV Infection Is Independently Associated with Increased CT Scan Lung Density.,https://pubmed.ncbi.nlm.nih.gov/27876271/,"Noninfectious pulmonary complications are common among HIV-infected individuals and may be detected early by quantitative computed tomography (CT) scanning. The association of HIV disease markers with CT lung density measurement remains poorly understood. One hundred twenty-five participants free of spirometry-defined lung disease were recruited from a longitudinal cohort study of HIV-infected and HIV-uninfected individuals to undergo standardized CT scan of the chest. Parenchymal density for the entire lung volume was calculated using computerized software. Qualitative assessment of CT scans was conducted by two radiologists masked to HIV status. Linear regression models were developed to determine the independent association of markers of HIV infection on inspiratory scan mean lung density (MLD). HIV-infected participants had a significantly higher MLD (denser lung) compared to HIV-uninfected participants (-815 Hounsfield unit [HU] vs -837 HU; P = 0.002). After adjusting for relevant covariates, HIV infection was independently associated with 19.9 HU higher MLD (95% CI 6.04 to 33.7 HU; P = 0.005). In qualitative assessment, only ground glass attenuation and cysts were noted more commonly among HIV-infected individuals compared to HIV-uninfected individuals (34% vs 17% [P = 0.045] and 27% vs 10% [P = 0.03], respectively). No qualitative radiographic abnormalities attenuated the association between HIV infection and increased MLD. HIV infection is independently associated with increased lung density. Although qualitative CT abnormalities were common in this cohort, only ground glass attenuation and cysts were noted more frequently in HIV-infected participants, suggesting that the increased lung density observed among HIV-infected individuals may be associated with subclinical inflammatory lung changes."
0000-0003-0275-8037,2016,An algorithmic approach to CT of pulmonary arterial disorders,https://pubmed.ncbi.nlm.nih.gov/27618804/,Abstract unavailable across all open databases.
0000-0003-0275-8037,2016,Remote reading of coronary CTA exams using a tablet computer: utility for stenosis assessment and identification of coronary anomalies.,https://pubmed.ncbi.nlm.nih.gov/27085532/,"The feasibility of remote reading of coronary CT examinations on tablet computers has not been evaluated. The purpose of this study is to evaluate the accuracy of coronary CT angiography reading using an iPad compared to standard 3D workstations. Fifty coronary CT angiography exams, including a spectrum of coronary artery disease and anatomic variants, were reviewed. Coronary CT angiography exams were interpreted by two readers independently on an iPad application (Siemens Webviewer) and a clinical 3D workstation at sessions 2 weeks apart. Studies were scored per vessel for severity of stenosis on a 0-3 scale (0 none, 1 0.05). Both readers identified 100 % of coronary anomalies using each technique. Reading of coronary CT angiography examinations on the iPad had no influence on stenosis assessment compared to the standard clinical workstation."
0000-0003-0275-8037,2016,CT measurement of central pulmonary arteries to diagnose pulmonary hypertension (PHTN): more reliable than valid?,https://pubmed.ncbi.nlm.nih.gov/27131412/,Abstract unavailable across all open databases.
0000-0003-0275-8037,2015,There's an App for That: Creating a Coronary CT Angiography Learning Module for the iPad.,https://pubmed.ncbi.nlm.nih.gov/26617347/,Abstract unavailable across all open databases.
0000-0003-0275-8037,2015,"Mosaic Attenuation: Etiology, Methods of Differentiation, and Pitfalls.",https://pubmed.ncbi.nlm.nih.gov/26274445/,"Mosaic attenuation is a commonly encountered pattern on computed tomography that is defined as heterogeneous areas of differing lung attenuation. This heterogeneous pattern of attenuation is the result of diverse causes that include diseases of the small airways, pulmonary vasculature, alveoli, and interstitium, alone or in combination. Small airways disease can be a primary disorder, such as respiratory bronchiolitis or constrictive bronchiolitis, or be part of parenchymal lung disease, such as hypersensitivity pneumonitis, or large airways disease, such as bronchiectasis and asthma. Vascular causes resulting in mosaic attenuation are typically chronic thromboembolic pulmonary hypertension, which is characterized by organizing thrombi in the elastic pulmonary arteries, or pulmonary arterial hypertension, a heterogeneous group of diseases affecting the distal pulmonary arterioles. Diffuse ground-glass opacity can result in a mosaic pattern related to a number of processes in acute (eg, infection, pulmonary edema), subacute (eg, organizing pneumonia), or chronic (eg, fibrotic diseases) settings. Imaging clues that can assist the radiologist in pinpointing a diagnosis include evidence of large airway involvement, cardiovascular abnormalities, septal thickening, signs of fibrosis, and demonstration of airtrapping at expiratory imaging."
0000-0003-0275-8037,2015,Enhancement Characteristics of the Computed Tomography Pulmonary Angiography Test Bolus Curve and Its Use in Predicting Right Ventricular Dysfunction and Mortality in Patients With Acute Pulmonary Embolism.,https://pubmed.ncbi.nlm.nih.gov/25635705/,Data from the CTPA timing bolus curve provide prognostic value similar to the best conventional methods for predicting PE-related mortality.
0000-0003-0275-8037,2015,"Coronary computed tomography angiography for the assessment of acute chest pain in the emergency department: evidence, guidelines, and tips for implementation.",https://pubmed.ncbi.nlm.nih.gov/25730553/,"Acute chest pain is an important clinical challenge and a major reason for presentation to the emergency department. Although multiple imaging techniques are available to assess such patients, considerable interest has focused on the use of coronary computed tomography (CT) angiography. Three recent multicenter trials have demonstrated the value of coronary CT angiography (CCTA) to diagnose patients with acute coronary syndrome (ACS) rapidly and accurately. Guidelines developed on the basis of these and other studies suggest that CCTA is optimally used in patients with low to intermediate risk for ACS. A related protocol, the triple rule-out scan, may be valuable if overlapping symptoms occur, particularly between those of ACS and pulmonary embolism. In developing a program to perform CCTA in the emergency room, it is important to work closely with emergency physicians and cardiologists to maximize appropriate use of this technique and to develop appropriate protocols that minimize radiation dose. Ongoing efforts to improve existing capabilities of CCTA include better characterization of coronary plaque and the use of CT fractional flow reserve and perfusion techniques."
0000-0003-0275-8037,2015,Detection of pulmonary embolism on computed tomography: improvement using a model-based iterative reconstruction algorithm compared with filtered back projection and iterative reconstruction algorithms.,https://pubmed.ncbi.nlm.nih.gov/25423129/,"MBIR led to significant increase in PE detection compared with FBP and HIR. MBIR led to qualitative improvements in diagnostic confidence, perceived noise, and perceived enhancement compared with FBP and HIR."
0000-0003-0275-8037,2014,"Reply to ""Unexpected lung parenchymal findings on nonenhanced abdominal CT may raise suspicion of PE"".",https://pubmed.ncbi.nlm.nih.gov/25415744/,"Reply to “Unexpected Lung Parenchymal Findings on Nonenhanced Abdominal CT May Raise Suspicion of PE”Charles S. White1, Kun Young Lim2, Seth Kligerman1 and Cheng Ting Lin1Audio Available | Share"
0000-0003-0275-8037,2014,Missed pulmonary embolism on abdominal CT.,https://pubmed.ncbi.nlm.nih.gov/24660700/,This study shows that missed PE can occur on abdominal CT. It is recommended that interpretation include a careful search of the lower pulmonary arterial vasculature on contrast-enhanced abdominal CT scans.
0000-0003-0275-8037,2011,The appendix may protect against Clostridium difficile recurrence.,https://pubmed.ncbi.nlm.nih.gov/21699818/,"Several risk factors have been identified for the development of recurrent Clostridium difficile infection (CDI) that alter host immunity and disrupt colonic flora. Although the function of the appendix has been debated, its active, gut-associated lymphoid tissue and biofilm production indicate potential roles in recovery from initial CDI and protection against recurrent CDI. We investigated whether the presence or absence of an appendix is associated with CDI recurrence. We reviewed the medical records of adult inpatients with CDI who were admitted to a tertiary-care teaching hospital from 2005 to 2007 to identify those with and without an appendix. The primary dependent variable for statistical analysis was CDI recurrence. In a multivariate analysis of 11 clinical variables, the presence of an appendix was associated inversely with CDI recurrence (P < .0001; adjusted relative risk, .398). Age older than 60 years also was associated with CDI recurrence (P = .0280; adjusted relative risk, 2.44). The presence of an appendix has a significant and independent, inverse association with CDI recurrence, but this finding requires validation in a prospective study. Assessing the presence or absence of an appendix might be useful in predicting CDI recurrence."
0000-0003-0275-8037,2006,Genipin inhibits UCP2-mediated proton leak and acutely reverses obesity- and high glucose-induced beta cell dysfunction in isolated pancreatic islets.,https://pubmed.ncbi.nlm.nih.gov/16753577/,Abstract unavailable across all open databases.
0000-0003-0275-8037,2003,"Lobatamide C: total synthesis, stereochemical assignment, preparation of simplified analogues, and V-ATPase inhibition studies.",https://pubmed.ncbi.nlm.nih.gov/12823009/,"The total synthesis and stereochemical assignment of the potent antitumor macrolide lobatamide C, as well as synthesis of simplified lobatamide analogues, is reported. Cu(I)-mediated enamide formation methodology has been developed to prepare the highly unsaturated enamide side chain of the natural product and analogues. A key fragment coupling employs base-mediated esterification of a beta-hydroxy acid and a salicylate cyanomethyl ester. Three additional stereoisomers of lobatamide C have been prepared using related synthetic routes. The stereochemistry at C8, C11, and C15 of lobatamide C was assigned by comparison of stereoisomers and X-ray analysis of a crystalline derivative. Synthetic lobatamide C, stereoisomers, and simplified analogues have been evaluated for inhibition of bovine chromaffin granule membrane V-ATPase. The salicylate phenol, enamide NH, and ortho-substitution of the salicylate ester have been shown to be important for V-ATPase inhibitory activity."
0000-0003-0275-8037,2002,Synthesis and V-ATPase inhibition of simplified lobatamide analogues.,https://pubmed.ncbi.nlm.nih.gov/12201727/,"[structure: see text] Simplified analogues of the lobatamides have been synthesized and evaluated for inhibition of bovine V-ATPase. The salicylate phenol, enamide NH, and the ortho-substitution of the salicylate ester have been shown to be important for V-ATPase inhibitory activity."
0000-0003-0275-8037,2002,Total synthesis and stereochemical assignment of the salicylate antitumor macrolide lobatamide C(1).,https://pubmed.ncbi.nlm.nih.gov/12010033/,The total synthesis and stereochemical assignment of the potent antitumor macrolide lobatamide C is reported. The synthesis involves Cu(I)-mediated enamide formation and Na(2)CO(3)-mediated esterification of a beta-hydroxy acid and a salicylate cyanomethyl ester. Macrolactonization was accomplished using a Mitsunobu protocol. The stereochemical assignment of lobatamide C was achieved by Mosher ester analysis and comparison with prepared stereoisomers.
